loan_id,loan_default
7001,0
7002,0
7003,0
7004,0
7005,0
7006,0
7007,0
7008,1
7009,0
7010,0
7011,0
7012,1
7013,0
7014,0
7015,0
7016,0
7017,1
7018,1
7019,0
7020,1
7021,0
7022,0
7023,0
7024,1
7025,0
7026,0
7027,0
7028,1
7029,0
7030,0
7031,0
7032,0
7033,0
7034,1
7035,1
7036,0
7037,0
7038,1
7039,0
7040,0
7041,0
7042,0
7043,1
7044,0
7045,0
7046,0
7047,0
7048,0
7049,0
7050,0
7051,0
7052,0
7053,1
7054,0
7055,0
7056,0
7057,1
7058,0
7059,0
7060,0
7061,0
7062,0
7063,0
7064,0
7065,1
7066,1
7067,0
7068,0
7069,1
7070,1
7071,0
7072,0
7073,0
7074,0
7075,0
7076,0
7077,0
7078,0
7079,0
7080,0
7081,0
7082,0
7083,1
7084,0
7085,0
7086,0
7087,0
7088,0
7089,0
7090,0
7091,0
7092,0
7093,0
7094,0
7095,0
7096,0
7097,0
7098,0
7099,0
7100,0
7101,0
7102,0
7103,0
7104,0
7105,1
7106,0
7107,0
7108,0
7109,1
7110,1
7111,0
7112,0
7113,0
7114,1
7115,0
7116,1
7117,0
7118,1
7119,0
7120,0
7121,0
7122,1
7123,0
7124,0
7125,1
7126,1
7127,0
7128,0
7129,1
7130,1
7131,1
7132,0
7133,1
7134,1
7135,0
7136,1
7137,0
7138,1
7139,0
7140,0
7141,0
7142,0
7143,0
7144,0
7145,0
7146,0
7147,0
7148,1
7149,0
7150,0
7151,0
7152,1
7153,0
7154,0
7155,1
7156,0
7157,0
7158,1
7159,0
7160,0
7161,0
7162,1
7163,0
7164,0
7165,1
7166,0
7167,0
7168,0
7169,0
7170,0
7171,0
7172,0
7173,1
7174,1
7175,1
7176,0
7177,1
7178,1
7179,0
7180,0
7181,0
7182,0
7183,1
7184,0
7185,0
7186,0
7187,0
7188,0
7189,0
7190,0
7191,0
7192,1
7193,1
7194,0
7195,0
7196,1
7197,0
7198,0
7199,0
7200,0
7201,0
7202,0
7203,0
7204,0
7205,0
7206,0
7207,0
7208,1
7209,1
7210,0
7211,0
7212,0
7213,0
7214,0
7215,1
7216,1
7217,1
7218,0
7219,1
7220,0
7221,1
7222,0
7223,1
7224,0
7225,0
7226,1
7227,0
7228,0
7229,0
7230,0
7231,0
7232,1
7233,0
7234,0
7235,1
7236,1
7237,1
7238,0
7239,1
7240,1
7241,0
7242,0
7243,0
7244,0
7245,1
7246,0
7247,0
7248,0
7249,1
7250,0
7251,0
7252,0
7253,1
7254,0
7255,0
7256,0
7257,0
7258,1
7259,0
7260,0
7261,0
7262,0
7263,0
7264,0
7265,0
7266,0
7267,0
7268,0
7269,0
7270,0
7271,0
7272,0
7273,0
7274,0
7275,1
7276,0
7277,0
7278,0
7279,0
7280,1
7281,0
7282,0
7283,0
7284,0
7285,1
7286,1
7287,0
7288,0
7289,0
7290,0
7291,0
7292,0
7293,1
7294,0
7295,0
7296,1
7297,0
7298,0
7299,0
7300,0
7301,0
7302,0
7303,1
7304,1
7305,0
7306,1
7307,1
7308,1
7309,0
7310,0
7311,0
7312,0
7313,0
7314,1
7315,0
7316,0
7317,0
7318,0
7319,0
7320,0
7321,1
7322,0
7323,0
7324,1
7325,0
7326,0
7327,0
7328,0
7329,0
7330,0
7331,0
7332,0
7333,0
7334,0
7335,0
7336,0
7337,0
7338,0
7339,0
7340,1
7341,0
7342,0
7343,0
7344,0
7345,0
7346,0
7347,0
7348,0
7349,0
7350,1
7351,0
7352,0
7353,0
7354,1
7355,0
7356,0
7357,0
7358,0
7359,0
7360,0
7361,0
7362,0
7363,1
7364,1
7365,0
7366,0
7367,1
7368,0
7369,0
7370,0
7371,1
7372,0
7373,0
7374,0
7375,0
7376,0
7377,0
7378,1
7379,0
7380,0
7381,0
7382,0
7383,0
7384,0
7385,0
7386,0
7387,0
7388,0
7389,1
7390,0
7391,1
7392,1
7393,0
7394,0
7395,0
7396,1
7397,1
7398,1
7399,0
7400,0
7401,0
7402,0
7403,1
7404,0
7405,0
7406,0
7407,0
7408,0
7409,0
7410,0
7411,0
7412,0
7413,0
7414,0
7415,0
7416,0
7417,1
7418,0
7419,1
7420,0
7421,1
7422,0
7423,0
7424,0
7425,0
7426,0
7427,0
7428,1
7429,1
7430,0
7431,0
7432,1
7433,0
7434,0
7435,1
7436,0
7437,1
7438,0
7439,0
7440,0
7441,0
7442,1
7443,0
7444,0
7445,0
7446,0
7447,0
7448,1
7449,1
7450,0
7451,0
7452,1
7453,0
7454,0
7455,0
7456,1
7457,0
7458,0
7459,0
7460,1
7461,0
7462,0
7463,1
7464,0
7465,0
7466,1
7467,1
7468,1
7469,0
7470,0
7471,0
7472,0
7473,0
7474,0
7475,0
7476,1
7477,1
7478,0
7479,1
7480,0
7481,0
7482,0
7483,0
7484,0
7485,0
7486,0
7487,0
7488,0
7489,0
7490,1
7491,0
7492,0
7493,0
7494,0
7495,1
7496,1
7497,0
7498,1
7499,0
7500,1
7501,1
7502,0
7503,0
7504,0
7505,1
7506,1
7507,1
7508,1
7509,0
7510,0
7511,0
7512,0
7513,0
7514,0
7515,0
7516,0
7517,0
7518,0
7519,0
7520,0
7521,0
7522,0
7523,0
7524,1
7525,0
7526,0
7527,0
7528,0
7529,0
7530,0
7531,0
7532,0
7533,0
7534,1
7535,0
7536,0
7537,0
7538,0
7539,0
7540,0
7541,1
7542,0
7543,0
7544,0
7545,0
7546,0
7547,0
7548,1
7549,0
7550,0
7551,0
7552,1
7553,0
7554,1
7555,0
7556,0
7557,0
7558,0
7559,0
7560,0
7561,0
7562,0
7563,0
7564,1
7565,0
7566,0
7567,0
7568,0
7569,0
7570,0
7571,1
7572,0
7573,0
7574,1
7575,0
7576,0
7577,0
7578,0
7579,0
7580,0
7581,1
7582,0
7583,0
7584,0
7585,0
7586,0
7587,0
7588,0
7589,0
7590,1
7591,1
7592,0
7593,0
7594,0
7595,0
7596,1
7597,0
7598,0
7599,1
7600,0
7601,0
7602,0
7603,0
7604,0
7605,0
7606,0
7607,1
7608,0
7609,0
7610,0
7611,0
7612,0
7613,1
7614,0
7615,0
7616,1
7617,1
7618,0
7619,0
7620,1
7621,0
7622,0
7623,0
7624,0
7625,0
7626,0
7627,1
7628,0
7629,0
7630,0
7631,0
7632,0
7633,1
7634,1
7635,1
7636,0
7637,0
7638,0
7639,0
7640,1
7641,1
7642,0
7643,0
7644,0
7645,0
7646,0
7647,1
7648,0
7649,0
7650,0
7651,0
7652,0
7653,0
7654,0
7655,0
7656,0
7657,0
7658,1
7659,1
7660,0
7661,0
7662,0
7663,1
7664,0
7665,0
7666,0
7667,0
7668,0
7669,0
7670,1
7671,0
7672,0
7673,0
7674,0
7675,0
7676,0
7677,0
7678,0
7679,0
7680,0
7681,0
7682,0
7683,0
7684,0
7685,1
7686,0
7687,0
7688,0
7689,0
7690,0
7691,0
7692,0
7693,0
7694,0
7695,0
7696,0
7697,0
7698,0
7699,0
7700,0
7701,0
7702,0
7703,0
7704,0
7705,0
7706,0
7707,1
7708,0
7709,0
7710,0
7711,0
7712,0
7713,1
7714,1
7715,0
7716,1
7717,0
7718,0
7719,1
7720,0
7721,1
7722,1
7723,0
7724,0
7725,0
7726,1
7727,1
7728,0
7729,0
7730,0
7731,0
7732,1
7733,0
7734,1
7735,0
7736,0
7737,0
7738,0
7739,0
7740,0
7741,0
7742,0
7743,0
7744,0
7745,1
7746,0
7747,0
7748,0
7749,0
7750,0
7751,1
7752,0
7753,0
7754,0
7755,0
7756,0
7757,1
7758,0
7759,0
7760,0
7761,0
7762,0
7763,0
7764,0
7765,0
7766,0
7767,0
7768,1
7769,0
7770,0
7771,1
7772,1
7773,0
7774,1
7775,0
7776,0
7777,0
7778,0
7779,0
7780,1
7781,0
7782,0
7783,0
7784,0
7785,0
7786,0
7787,0
7788,1
7789,0
7790,0
7791,1
7792,0
7793,0
7794,0
7795,1
7796,0
7797,0
7798,0
7799,0
7800,0
7801,0
7802,1
7803,0
7804,1
7805,0
7806,0
7807,1
7808,0
7809,0
7810,1
7811,0
7812,0
7813,1
7814,0
7815,0
7816,0
7817,0
7818,1
7819,0
7820,0
7821,0
7822,0
7823,0
7824,0
7825,0
7826,0
7827,1
7828,1
7829,0
7830,0
7831,1
7832,0
7833,0
7834,0
7835,0
7836,0
7837,0
7838,1
7839,1
7840,1
7841,1
7842,1
7843,0
7844,1
7845,0
7846,0
7847,1
7848,0
7849,0
7850,0
7851,0
7852,0
7853,0
7854,0
7855,0
7856,0
7857,0
7858,0
7859,0
7860,0
7861,1
7862,1
7863,0
7864,0
7865,1
7866,0
7867,0
7868,0
7869,0
7870,1
7871,0
7872,0
7873,0
7874,0
7875,0
7876,0
7877,0
7878,1
7879,1
7880,0
7881,1
7882,1
7883,0
7884,0
7885,0
7886,0
7887,0
7888,1
7889,0
7890,0
7891,0
7892,1
7893,0
7894,0
7895,0
7896,0
7897,0
7898,0
7899,0
7900,0
7901,1
7902,0
7903,0
7904,0
7905,0
7906,0
7907,0
7908,0
7909,0
7910,0
7911,0
7912,0
7913,0
7914,0
7915,0
7916,0
7917,0
7918,0
7919,0
7920,0
7921,0
7922,0
7923,0
7924,0
7925,0
7926,1
7927,1
7928,0
7929,0
7930,1
7931,0
7932,0
7933,0
7934,1
7935,0
7936,0
7937,0
7938,1
7939,0
7940,0
7941,0
7942,0
7943,0
7944,0
7945,1
7946,0
7947,0
7948,1
7949,0
7950,0
7951,0
7952,0
7953,0
7954,0
7955,0
7956,0
7957,0
7958,0
7959,0
7960,0
7961,0
7962,0
7963,1
7964,0
7965,1
7966,1
7967,0
7968,0
7969,1
7970,0
7971,0
7972,0
7973,1
7974,0
7975,1
7976,0
7977,1
7978,0
7979,0
7980,0
7981,0
7982,0
7983,0
7984,0
7985,0
7986,1
7987,1
7988,0
7989,0
7990,1
7991,0
7992,0
7993,1
7994,0
7995,0
7996,0
7997,0
7998,1
7999,0
8000,0
8001,1
8002,0
8003,0
8004,0
8005,1
8006,0
8007,0
8008,1
8009,1
8010,0
8011,0
8012,0
8013,0
8014,0
8015,0
8016,0
8017,0
8018,0
8019,0
8020,1
8021,0
8022,0
8023,1
8024,0
8025,1
8026,1
8027,0
8028,0
8029,0
8030,0
8031,0
8032,0
8033,0
8034,0
8035,0
8036,0
8037,0
8038,0
8039,0
8040,1
8041,0
8042,0
8043,1
8044,0
8045,0
8046,0
8047,0
8048,0
8049,0
8050,1
8051,0
8052,0
8053,0
8054,0
8055,0
8056,0
8057,0
8058,1
8059,0
8060,0
8061,0
8062,0
8063,0
8064,1
8065,0
8066,0
8067,1
8068,0
8069,0
8070,0
8071,0
8072,0
8073,0
8074,1
8075,0
8076,0
8077,0
8078,1
8079,0
8080,0
8081,1
8082,0
8083,0
8084,0
8085,1
8086,0
8087,0
8088,1
8089,1
8090,0
8091,0
8092,0
8093,0
8094,0
8095,0
8096,0
8097,0
8098,0
8099,1
8100,1
8101,0
8102,0
8103,0
8104,0
8105,0
8106,0
8107,0
8108,0
8109,0
8110,1
8111,0
8112,1
8113,0
8114,0
8115,0
8116,1
8117,0
8118,0
8119,0
8120,0
8121,0
8122,0
8123,0
8124,0
8125,0
8126,0
8127,0
8128,0
8129,0
8130,0
8131,0
8132,0
8133,0
8134,0
8135,0
8136,1
8137,0
8138,0
8139,0
8140,0
8141,0
8142,0
8143,0
8144,1
8145,1
8146,0
8147,1
8148,0
8149,1
8150,0
8151,0
8152,0
8153,0
8154,0
8155,0
8156,0
8157,0
8158,0
8159,0
8160,0
8161,0
8162,0
8163,1
8164,0
8165,0
8166,0
8167,0
8168,0
8169,0
8170,0
8171,0
8172,0
8173,0
8174,0
8175,1
8176,0
8177,0
8178,0
8179,0
8180,0
8181,0
8182,0
8183,0
8184,1
8185,1
8186,0
8187,0
8188,0
8189,0
8190,1
8191,0
8192,0
8193,0
8194,0
8195,0
8196,0
8197,1
8198,0
8199,0
8200,0
8201,0
8202,0
8203,1
8204,0
8205,0
8206,0
8207,0
8208,1
8209,0
8210,0
8211,1
8212,0
8213,0
8214,0
8215,0
8216,0
8217,0
8218,0
8219,0
8220,0
8221,0
8222,0
8223,0
8224,0
8225,0
8226,0
8227,0
8228,0
8229,0
8230,1
8231,0
8232,0
8233,0
8234,0
8235,1
8236,0
8237,1
8238,0
8239,0
8240,0
8241,0
8242,0
8243,0
8244,1
8245,0
8246,0
8247,0
8248,1
8249,1
8250,1
8251,0
8252,0
8253,0
8254,0
8255,0
8256,0
8257,0
8258,1
8259,1
8260,1
8261,0
8262,0
8263,0
8264,0
8265,1
8266,0
8267,0
8268,0
8269,1
8270,0
8271,1
8272,0
8273,0
8274,0
8275,1
8276,0
8277,0
8278,0
8279,0
8280,0
8281,0
8282,0
8283,0
8284,0
8285,0
8286,0
8287,0
8288,0
8289,0
8290,0
8291,1
8292,1
8293,1
8294,0
8295,0
8296,1
8297,1
8298,0
8299,0
8300,0
8301,0
8302,0
8303,0
8304,0
8305,0
8306,0
8307,0
8308,1
8309,0
8310,1
8311,0
8312,0
8313,0
8314,0
8315,0
8316,1
8317,0
8318,0
8319,1
8320,0
8321,0
8322,0
8323,1
8324,0
8325,0
8326,0
8327,0
8328,0
8329,1
8330,0
8331,0
8332,0
8333,0
8334,0
8335,1
8336,0
8337,0
8338,0
8339,1
8340,0
8341,0
8342,0
8343,0
8344,0
8345,1
8346,1
8347,0
8348,0
8349,0
8350,0
8351,0
8352,0
8353,1
8354,0
8355,1
8356,0
8357,0
8358,1
8359,0
8360,0
8361,0
8362,0
8363,0
8364,1
8365,0
8366,0
8367,0
8368,1
8369,0
8370,0
8371,0
8372,0
8373,0
8374,0
8375,0
8376,0
8377,0
8378,0
8379,0
8380,0
8381,0
8382,0
8383,0
8384,1
8385,0
8386,1
8387,0
8388,1
8389,0
8390,0
8391,0
8392,1
8393,1
8394,0
8395,0
8396,0
8397,0
8398,0
8399,0
8400,0
8401,1
8402,0
8403,0
8404,1
8405,0
8406,0
8407,0
8408,1
8409,0
8410,0
8411,0
8412,1
8413,0
8414,0
8415,0
8416,1
8417,0
8418,0
8419,0
8420,0
8421,1
8422,1
8423,0
8424,0
8425,0
8426,1
8427,0
8428,0
8429,0
8430,0
8431,0
8432,0
8433,0
8434,1
8435,0
8436,1
8437,0
8438,0
8439,0
8440,1
8441,0
8442,0
8443,0
8444,1
8445,1
8446,0
8447,0
8448,0
8449,0
8450,0
8451,0
8452,0
8453,0
8454,0
8455,0
8456,0
8457,1
8458,1
8459,0
8460,0
8461,1
8462,1
8463,0
8464,0
8465,0
8466,1
8467,0
8468,0
8469,0
8470,0
8471,1
8472,0
8473,0
8474,1
8475,1
8476,0
8477,0
8478,0
8479,0
8480,0
8481,0
8482,1
8483,0
8484,0
8485,0
8486,0
8487,0
8488,0
8489,0
8490,0
8491,0
8492,1
8493,0
8494,0
8495,0
8496,1
8497,0
8498,0
8499,0
8500,1
8501,0
8502,0
8503,1
8504,0
8505,1
8506,0
8507,0
8508,0
8509,0
8510,0
8511,0
8512,0
8513,1
8514,0
8515,0
8516,0
8517,0
8518,0
8519,0
8520,1
8521,1
8522,0
8523,0
8524,0
8525,1
8526,0
8527,0
8528,1
8529,0
8530,0
8531,0
8532,0
8533,0
8534,0
8535,0
8536,0
8537,0
8538,0
8539,0
8540,0
8541,0
8542,0
8543,0
8544,0
8545,1
8546,1
8547,0
8548,0
8549,0
8550,0
8551,0
8552,0
8553,0
8554,0
8555,0
8556,0
8557,1
8558,1
8559,1
8560,0
8561,1
8562,1
8563,0
8564,0
8565,0
8566,0
8567,1
8568,0
8569,0
8570,0
8571,0
8572,0
8573,0
8574,0
8575,0
8576,0
8577,0
8578,0
8579,0
8580,0
8581,0
8582,0
8583,0
8584,0
8585,0
8586,0
8587,0
8588,1
8589,1
8590,0
8591,0
8592,1
8593,0
8594,1
8595,0
8596,0
8597,0
8598,0
8599,0
8600,0
8601,0
8602,0
8603,1
8604,0
8605,1
8606,1
8607,0
8608,0
8609,0
8610,1
8611,0
8612,0
8613,0
8614,0
8615,1
8616,1
8617,0
8618,1
8619,0
8620,0
8621,0
8622,1
8623,0
8624,0
8625,0
8626,0
8627,0
8628,0
8629,0
8630,0
8631,1
8632,0
8633,0
8634,0
8635,0
8636,0
8637,0
8638,0
8639,0
8640,0
8641,1
8642,0
8643,0
8644,0
8645,1
8646,0
8647,0
8648,0
8649,1
8650,1
8651,0
8652,0
8653,1
8654,0
8655,0
8656,0
8657,0
8658,0
8659,0
8660,0
8661,0
8662,0
8663,0
8664,0
8665,0
8666,0
8667,1
8668,0
8669,0
8670,1
8671,1
8672,0
8673,0
8674,0
8675,0
8676,0
8677,1
8678,0
8679,0
8680,0
8681,0
8682,1
8683,0
8684,1
8685,0
8686,0
8687,0
8688,1
8689,0
8690,0
8691,0
8692,1
8693,1
8694,1
8695,0
8696,0
8697,0
8698,0
8699,0
8700,1
8701,0
8702,1
8703,0
8704,0
8705,0
8706,0
8707,0
8708,0
8709,0
8710,0
8711,1
8712,1
8713,1
8714,0
8715,0
8716,1
8717,0
8718,0
8719,0
8720,1
8721,0
8722,1
8723,0
8724,1
8725,0
8726,1
8727,1
8728,1
8729,0
8730,0
8731,0
8732,1
8733,0
8734,0
8735,1
8736,0
8737,0
8738,0
8739,0
8740,0
8741,0
8742,0
8743,1
8744,1
8745,0
8746,0
8747,0
8748,0
8749,0
8750,0
8751,0
8752,0
8753,0
8754,0
8755,0
8756,0
8757,0
8758,0
8759,1
8760,0
8761,0
8762,0
8763,1
8764,0
8765,1
8766,0
8767,1
8768,0
8769,0
8770,0
8771,0
8772,0
8773,0
8774,0
8775,0
8776,0
8777,1
8778,1
8779,0
8780,0
8781,0
8782,0
8783,0
8784,0
8785,0
8786,0
8787,1
8788,0
8789,1
8790,1
8791,1
8792,0
8793,0
8794,0
8795,0
8796,0
8797,0
8798,0
8799,0
8800,0
8801,0
8802,0
8803,1
8804,0
8805,0
8806,0
8807,0
8808,0
8809,0
8810,1
8811,1
8812,1
8813,0
8814,0
8815,0
8816,0
8817,0
8818,0
8819,0
8820,0
8821,0
8822,0
8823,0
8824,0
8825,0
8826,0
8827,0
8828,0
8829,0
8830,1
8831,0
8832,0
8833,0
8834,0
8835,0
8836,1
8837,0
8838,0
8839,1
8840,1
8841,0
8842,1
8843,1
8844,0
8845,0
8846,1
8847,0
8848,1
8849,0
8850,1
8851,0
8852,0
8853,0
8854,1
8855,0
8856,0
8857,0
8858,0
8859,0
8860,0
8861,0
8862,0
8863,0
8864,0
8865,1
8866,1
8867,0
8868,0
8869,0
8870,0
8871,0
8872,0
8873,0
8874,1
8875,1
8876,1
8877,0
8878,1
8879,0
8880,0
8881,0
8882,0
8883,0
8884,0
8885,0
8886,0
8887,0
8888,0
8889,0
8890,0
8891,0
8892,1
8893,1
8894,0
8895,0
8896,0
8897,0
8898,0
8899,1
8900,0
8901,1
8902,0
8903,0
8904,1
8905,0
8906,0
8907,0
8908,0
8909,1
8910,0
8911,1
8912,0
8913,0
8914,1
8915,1
8916,0
8917,0
8918,0
8919,0
8920,1
8921,0
8922,0
8923,0
8924,0
8925,0
8926,1
8927,0
8928,0
8929,0
8930,0
8931,1
8932,0
8933,0
8934,1
8935,0
8936,0
8937,0
8938,0
8939,0
8940,1
8941,1
8942,1
8943,0
8944,0
8945,0
8946,0
8947,0
8948,1
8949,0
8950,1
8951,0
8952,0
8953,0
8954,0
8955,0
8956,0
8957,0
8958,0
8959,0
8960,0
8961,0
8962,0
8963,0
8964,1
8965,1
8966,0
8967,0
8968,0
8969,0
8970,0
8971,0
8972,0
8973,0
8974,0
8975,1
8976,0
8977,0
8978,0
8979,0
8980,0
8981,0
8982,0
8983,1
8984,0
8985,0
8986,0
8987,0
8988,0
8989,0
8990,0
8991,1
8992,0
8993,0
8994,1
8995,0
8996,0
8997,0
8998,0
8999,0
9000,0
9001,0
9002,0
9003,0
9004,1
9005,0
9006,0
9007,1
9008,0
9009,0
9010,0
9011,1
9012,0
9013,0
9014,0
9015,1
9016,0
9017,0
9018,0
9019,0
9020,0
9021,1
9022,0
9023,0
9024,0
9025,1
9026,0
9027,0
9028,0
9029,0
9030,0
9031,0
9032,0
9033,0
9034,1
9035,0
9036,0
9037,0
9038,0
9039,1
9040,0
9041,0
9042,0
9043,0
9044,1
9045,0
9046,0
9047,0
9048,0
9049,0
9050,0
9051,0
9052,1
9053,0
9054,0
9055,0
9056,0
9057,0
9058,0
9059,0
9060,0
9061,0
9062,0
9063,0
9064,0
9065,0
9066,0
9067,0
9068,0
9069,1
9070,0
9071,0
9072,0
9073,0
9074,1
9075,0
9076,0
9077,0
9078,0
9079,0
9080,0
9081,0
9082,0
9083,0
9084,0
9085,1
9086,1
9087,0
9088,0
9089,0
9090,0
9091,0
9092,1
9093,1
9094,0
9095,1
9096,0
9097,0
9098,0
9099,0
9100,0
9101,1
9102,0
9103,0
9104,0
9105,0
9106,0
9107,0
9108,0
9109,0
9110,0
9111,0
9112,0
9113,0
9114,0
9115,0
9116,0
9117,0
9118,0
9119,0
9120,0
9121,0
9122,0
9123,0
9124,0
9125,0
9126,0
9127,0
9128,0
9129,0
9130,0
9131,1
9132,0
9133,0
9134,1
9135,0
9136,1
9137,0
9138,0
9139,0
9140,1
9141,0
9142,0
9143,0
9144,0
9145,0
9146,0
9147,0
9148,1
9149,0
9150,1
9151,0
9152,0
9153,0
9154,0
9155,0
9156,0
9157,0
9158,0
9159,0
9160,0
9161,0
9162,0
9163,1
9164,0
9165,0
9166,0
9167,0
9168,1
9169,0
9170,0
9171,0
9172,0
9173,0
9174,0
9175,0
9176,0
9177,0
9178,0
9179,0
9180,1
9181,0
9182,0
9183,0
9184,0
9185,0
9186,0
9187,1
9188,0
9189,0
9190,1
9191,0
9192,1
9193,1
9194,1
9195,1
9196,0
9197,0
9198,0
9199,0
9200,0
9201,0
9202,1
9203,0
9204,0
9205,1
9206,1
9207,0
9208,1
9209,0
9210,0
9211,0
9212,0
9213,0
9214,0
9215,1
9216,0
9217,0
9218,1
9219,0
9220,0
9221,1
9222,1
9223,0
9224,0
9225,1
9226,1
9227,1
9228,0
9229,0
9230,0
9231,0
9232,0
9233,1
9234,0
9235,0
9236,0
9237,1
9238,0
9239,0
9240,0
9241,0
9242,1
9243,0
9244,1
9245,1
9246,1
9247,0
9248,0
9249,0
9250,0
9251,1
9252,0
9253,0
9254,1
9255,0
9256,0
9257,0
9258,0
9259,0
9260,0
9261,0
9262,0
9263,0
9264,1
9265,1
9266,1
9267,0
9268,0
9269,0
9270,0
9271,0
9272,1
9273,0
9274,0
9275,0
9276,0
9277,1
9278,0
9279,0
9280,0
9281,0
9282,0
9283,1
9284,1
9285,0
9286,0
9287,1
9288,0
9289,0
9290,0
9291,0
9292,0
9293,0
9294,0
9295,0
9296,0
9297,0
9298,0
9299,0
9300,1
9301,0
9302,0
9303,0
9304,1
9305,0
9306,0
9307,0
9308,0
9309,1
9310,0
9311,0
9312,0
9313,1
9314,0
9315,1
9316,0
9317,0
9318,0
9319,0
9320,0
9321,0
9322,1
9323,0
9324,0
9325,0
9326,0
9327,0
9328,0
9329,0
9330,1
9331,0
9332,1
9333,0
9334,1
9335,1
9336,0
9337,0
9338,1
9339,0
9340,0
9341,0
9342,0
9343,1
9344,0
9345,1
9346,0
9347,0
9348,0
9349,0
9350,0
9351,1
9352,0
9353,1
9354,0
9355,1
9356,0
9357,0
9358,0
9359,0
9360,0
9361,1
9362,0
9363,0
9364,0
9365,0
9366,1
9367,0
9368,0
9369,0
9370,0
9371,1
9372,1
9373,0
9374,0
9375,0
9376,0
9377,1
9378,0
9379,0
9380,0
9381,0
9382,1
9383,1
9384,0
9385,1
9386,0
9387,1
9388,0
9389,1
9390,0
9391,1
9392,0
9393,1
9394,0
9395,0
9396,0
9397,0
9398,0
9399,0
9400,0
9401,0
9402,1
9403,1
9404,1
9405,1
9406,0
9407,0
9408,0
9409,0
9410,1
9411,0
9412,0
9413,1
9414,0
9415,1
9416,0
9417,0
9418,0
9419,0
9420,0
9421,0
9422,0
9423,0
9424,1
9425,1
9426,0
9427,0
9428,0
9429,0
9430,0
9431,0
9432,0
9433,1
9434,0
9435,0
9436,0
9437,0
9438,0
9439,0
9440,0
9441,1
9442,0
9443,0
9444,0
9445,0
9446,0
9447,0
9448,0
9449,0
9450,0
9451,1
9452,0
9453,0
9454,0
9455,1
9456,0
9457,1
9458,0
9459,0
9460,0
9461,0
9462,0
9463,0
9464,0
9465,0
9466,0
9467,0
9468,0
9469,0
9470,0
9471,1
9472,1
9473,1
9474,0
9475,0
9476,1
9477,0
9478,1
9479,0
9480,1
9481,0
9482,0
9483,0
9484,1
9485,0
9486,0
9487,0
9488,1
9489,0
9490,0
9491,1
9492,1
9493,0
9494,0
9495,0
9496,0
9497,0
9498,1
9499,0
9500,0
9501,0
9502,0
9503,0
9504,0
9505,0
9506,0
9507,0
9508,0
9509,1
9510,0
9511,0
9512,0
9513,0
9514,0
9515,0
9516,0
9517,0
9518,1
9519,0
9520,1
9521,0
9522,0
9523,1
9524,0
9525,0
9526,1
9527,1
9528,0
9529,0
9530,0
9531,0
9532,0
9533,0
9534,1
9535,0
9536,1
9537,0
9538,0
9539,1
9540,0
9541,1
9542,0
9543,1
9544,1
9545,0
9546,0
9547,0
9548,0
9549,0
9550,1
9551,0
9552,0
9553,0
9554,0
9555,0
9556,1
9557,0
9558,0
9559,0
9560,0
9561,1
9562,0
9563,1
9564,0
9565,1
9566,0
9567,1
9568,0
9569,0
9570,1
9571,0
9572,0
9573,1
9574,0
9575,1
9576,0
9577,0
9578,1
9579,0
9580,0
9581,1
9582,0
9583,1
9584,0
9585,0
9586,1
9587,0
9588,0
9589,0
9590,0
9591,1
9592,1
9593,0
9594,0
9595,0
9596,0
9597,0
9598,0
9599,0
9600,0
9601,0
9602,1
9603,0
9604,0
9605,0
9606,0
9607,0
9608,0
9609,0
9610,0
9611,0
9612,0
9613,0
9614,0
9615,0
9616,0
9617,0
9618,0
9619,0
9620,0
9621,1
9622,0
9623,0
9624,0
9625,0
9626,1
9627,0
9628,1
9629,0
9630,1
9631,1
9632,1
9633,0
9634,0
9635,0
9636,0
9637,1
9638,0
9639,0
9640,0
9641,0
9642,0
9643,0
9644,0
9645,0
9646,1
9647,0
9648,0
9649,0
9650,0
9651,0
9652,0
9653,0
9654,0
9655,0
9656,0
9657,1
9658,1
9659,0
9660,0
9661,0
9662,0
9663,0
9664,0
9665,0
9666,1
9667,1
9668,0
9669,1
9670,0
9671,0
9672,0
9673,0
9674,1
9675,0
9676,0
9677,0
9678,0
9679,0
9680,1
9681,0
9682,1
9683,0
9684,0
9685,0
9686,0
9687,0
9688,1
9689,0
9690,0
9691,1
9692,1
9693,1
9694,0
9695,0
9696,1
9697,0
9698,0
9699,0
9700,0
9701,0
9702,0
9703,0
9704,0
9705,0
9706,0
9707,1
9708,0
9709,0
9710,0
9711,0
9712,0
9713,1
9714,0
9715,0
9716,1
9717,0
9718,1
9719,0
9720,1
9721,0
9722,0
9723,0
9724,0
9725,0
9726,0
9727,0
9728,1
9729,1
9730,0
9731,1
9732,1
9733,0
9734,1
9735,0
9736,0
9737,0
9738,1
9739,1
9740,0
9741,0
9742,0
9743,0
9744,0
9745,0
9746,1
9747,0
9748,0
9749,0
9750,0
9751,0
9752,0
9753,1
9754,0
9755,0
9756,0
9757,1
9758,0
9759,0
9760,0
9761,0
9762,0
9763,0
9764,1
9765,0
9766,1
9767,0
9768,1
9769,1
9770,0
9771,1
9772,1
9773,1
9774,1
9775,0
9776,1
9777,0
9778,1
9779,0
9780,1
9781,0
9782,1
9783,0
9784,0
9785,0
9786,1
9787,1
9788,0
9789,0
9790,0
9791,0
9792,0
9793,0
9794,0
9795,0
9796,0
9797,1
9798,0
9799,0
9800,1
9801,0
9802,0
9803,0
9804,1
9805,0
9806,0
9807,0
9808,0
9809,0
9810,0
9811,0
9812,0
9813,0
9814,0
9815,1
9816,1
9817,0
9818,0
9819,0
9820,0
9821,0
9822,0
9823,0
9824,0
9825,0
9826,0
9827,0
9828,0
9829,0
9830,1
9831,1
9832,0
9833,0
9834,0
9835,0
9836,0
9837,0
9838,0
9839,1
9840,0
9841,0
9842,1
9843,1
9844,0
9845,0
9846,0
9847,0
9848,0
9849,0
9850,0
9851,1
9852,0
9853,0
9854,0
9855,0
9856,0
9857,0
9858,0
9859,1
9860,0
9861,1
9862,0
9863,0
9864,0
9865,0
9866,0
9867,0
9868,0
9869,0
9870,0
9871,1
9872,0
9873,0
9874,0
9875,0
9876,0
9877,0
9878,0
9879,0
9880,0
9881,0
9882,0
9883,0
9884,1
9885,0
9886,0
9887,0
9888,0
9889,0
9890,0
9891,0
9892,0
9893,0
9894,0
9895,1
9896,1
9897,0
9898,0
9899,0
9900,0
9901,0
9902,0
9903,1
9904,0
9905,0
9906,0
9907,1
9908,1
9909,1
9910,0
9911,0
9912,0
9913,0
9914,0
9915,0
9916,0
9917,0
9918,0
9919,1
9920,0
9921,0
9922,0
9923,1
9924,1
9925,0
9926,0
9927,0
9928,0
9929,0
9930,0
9931,0
9932,1
9933,0
9934,0
9935,0
9936,0
9937,1
9938,0
9939,1
9940,0
9941,0
9942,0
9943,0
9944,0
9945,0
9946,0
9947,1
9948,0
9949,0
9950,0
9951,0
9952,0
9953,1
9954,0
9955,0
9956,1
9957,0
9958,0
9959,1
9960,0
9961,1
9962,0
9963,0
9964,0
9965,0
9966,0
9967,0
9968,0
9969,0
9970,0
9971,0
9972,0
9973,0
9974,0
9975,0
9976,0
9977,0
9978,0
9979,0
9980,0
9981,1
9982,0
9983,1
9984,0
9985,0
9986,0
9987,0
9988,1
9989,0
9990,0
9991,0
9992,0
9993,0
9994,0
9995,1
9996,0
9997,1
9998,0
9999,0
10000,0
